year,income_min,income_max,households
1994,0,2500.0,1992000
1994,2500,4999.0,2053000
1994,5000,7499.0,4780000
1994,7500,9999.0,4589000
1994,10000,12499.0,4751000
1994,12500,14999.0,4275000
1994,15000,17499.0,4453000
1994,17500,19999.0,3893000
1994,20000,22499.0,4296000
1994,22500,24999.0,3846000
1994,25000,27499.0,3824000
1994,27500,29999.0,3253000
1994,30000,32499.0,3857000
1994,32500,34999.0,3098000
1994,35000,37499.0,3376000
1994,37500,39999.0,2654000
1994,40000,42499.0,3102000
1994,42500,44999.0,2471000
1994,45000,47499.0,2575000
1994,47500,49999.0,1960000
1994,50000,52499.0,2620000
1994,52500,54999.0,1755000
1994,55000,57499.0,1933000
1994,57500,59999.0,1608000
1994,60000,62499.0,1956000
1994,62500,64999.0,1470000
1994,65000,67499.0,1515000
1994,67500,69999.0,1208000
1994,70000,72499.0,1247000
1994,72500,74999.0,1059000
1994,75000,77499.0,1179000
1994,77500,79999.0,877000
1994,80000,82499.0,941000
1994,82500,84999.0,648000
1994,85000,87499.0,647000
1994,87500,89999.0,560000
1994,90000,92499.0,679000
1994,92500,94999.0,503000
1994,95000,97499.0,503000
1994,97500,99999.0,404000
1994,100000,,6581000
1995,0,2500.0,1836000
1995,2500,4999.0,1815000
1995,5000,7499.0,4229000
1995,7500,9999.0,4309000
1995,10000,12499.0,4483000
1995,12500,14999.0,4233000
1995,15000,17499.0,4373000
1995,17500,19999.0,3921000
1995,20000,22499.0,4141000
1995,22500,24999.0,3413000
1995,25000,27499.0,3936000
1995,27500,29999.0,3414000
1995,30000,32499.0,3820000
1995,32500,34999.0,2997000
1995,35000,37499.0,3437000
1995,37500,39999.0,2875000
1995,40000,42499.0,3118000
1995,42500,44999.0,2486000
1995,45000,47499.0,2768000
1995,47500,49999.0,2192000
1995,50000,52499.0,2575000
1995,52500,54999.0,1889000
1995,55000,57499.0,2115000
1995,57500,59999.0,1697000
1995,60000,62499.0,1901000
1995,62500,64999.0,1555000
1995,65000,67499.0,1583000
1995,67500,69999.0,1292000
1995,70000,72499.0,1401000
1995,72500,74999.0,1030000
1995,75000,77499.0,1121000
1995,77500,79999.0,1019000
1995,80000,82499.0,998000
1995,82500,84999.0,870000
1995,85000,87499.0,751000
1995,87500,89999.0,638000
1995,90000,92499.0,659000
1995,92500,94999.0,558000
1995,95000,97499.0,598000
1995,97500,99999.0,466000
1995,100000,,7114000
1996,0,2500.0,1737000
1996,2500,4999.0,1691000
1996,5000,7499.0,4225000
1996,7500,9999.0,4227000
1996,10000,12499.0,4415000
1996,12500,14999.0,4243000
1996,15000,17499.0,4120000
1996,17500,19999.0,3748000
1996,20000,22499.0,4071000
1996,22500,24999.0,3570000
1996,25000,27499.0,4030000
1996,27500,29999.0,3216000
1996,30000,32499.0,3785000
1996,32500,34999.0,2777000
1996,35000,37499.0,3325000
1996,37500,39999.0,2588000
1996,40000,42499.0,3206000
1996,42500,44999.0,2526000
1996,45000,47499.0,2721000
1996,47500,49999.0,2099000
1996,50000,52499.0,2707000
1996,52500,54999.0,2084000
1996,55000,57499.0,2148000
1996,57500,59999.0,1824000
1996,60000,62499.0,2176000
1996,62500,64999.0,1547000
1996,65000,67499.0,1713000
1996,67500,69999.0,1281000
1996,70000,72499.0,1533000
1996,72500,74999.0,1159000
1996,75000,77499.0,1342000
1996,77500,79999.0,1038000
1996,80000,82499.0,1068000
1996,82500,84999.0,832000
1996,85000,87499.0,866000
1996,87500,89999.0,681000
1996,90000,92499.0,695000
1996,92500,94999.0,551000
1996,95000,97499.0,654000
1996,97500,99999.0,508000
1996,100000,,8293000
1997,0,2500.0,1962000
1997,2500,4999.0,1569000
1997,5000,7499.0,3972000
1997,7500,9999.0,3793000
1997,10000,12499.0,4431000
1997,12500,14999.0,3895000
1997,15000,17499.0,4027000
1997,17500,19999.0,3810000
1997,20000,22499.0,4009000
1997,22500,24999.0,3397000
1997,25000,27499.0,3849000
1997,27500,29999.0,3064000
1997,30000,32499.0,3770000
1997,32500,34999.0,2903000
1997,35000,37499.0,3506000
1997,37500,39999.0,2605000
1997,40000,42499.0,3237000
1997,42500,44999.0,2430000
1997,45000,47499.0,2739000
1997,47500,49999.0,2181000
1997,50000,52499.0,2809000
1997,52500,54999.0,2055000
1997,55000,57499.0,2234000
1997,57500,59999.0,1630000
1997,60000,62499.0,2228000
1997,62500,64999.0,1523000
1997,65000,67499.0,1878000
1997,67500,69999.0,1420000
1997,70000,72499.0,1585000
1997,72500,74999.0,1169000
1997,75000,77499.0,1345000
1997,77500,79999.0,1054000
1997,80000,82499.0,1234000
1997,82500,84999.0,1017000
1997,85000,87499.0,955000
1997,87500,89999.0,747000
1997,90000,92499.0,805000
1997,92500,94999.0,704000
1997,95000,97499.0,696000
1997,97500,99999.0,629000
1997,100000,,9661000
1998,0,2500.0,2011000
1998,2500,4999.0,1362000
1998,5000,7499.0,3768000
1998,7500,9999.0,3564000
1998,10000,12499.0,4169000
1998,12500,14999.0,3924000
1998,15000,17499.0,3758000
1998,17500,19999.0,3558000
1998,20000,22499.0,3985000
1998,22500,24999.0,3286000
1998,25000,27499.0,3960000
1998,27500,29999.0,3097000
1998,30000,32499.0,3802000
1998,32500,34999.0,2839000
1998,35000,37499.0,3402000
1998,37500,39999.0,2621000
1998,40000,42499.0,3192000
1998,42500,44999.0,2298000
1998,45000,47499.0,2782000
1998,47500,49999.0,2365000
1998,50000,52499.0,2786000
1998,52500,54999.0,2137000
1998,55000,57499.0,2241000
1998,57500,59999.0,1844000
1998,60000,62499.0,2308000
1998,62500,64999.0,1609000
1998,65000,67499.0,1790000
1998,67500,69999.0,1490000
1998,70000,72499.0,1762000
1998,72500,74999.0,1305000
1998,75000,77499.0,1395000
1998,77500,79999.0,1071000
1998,80000,82499.0,1371000
1998,82500,84999.0,1029000
1998,85000,87499.0,1101000
1998,87500,89999.0,796000
1998,90000,92499.0,976000
1998,92500,94999.0,739000
1998,95000,97499.0,813000
1998,97500,99999.0,644000
1998,100000,,10926000
1999,0,2500.0,1717000
1999,2500,4999.0,1293000
1999,5000,7499.0,3265000
1999,7500,9999.0,3381000
1999,10000,12499.0,4050000
1999,12500,14999.0,3610000
1999,15000,17499.0,4007000
1999,17500,19999.0,3475000
1999,20000,22499.0,3874000
1999,22500,24999.0,3364000
1999,25000,27499.0,3807000
1999,27500,29999.0,3083000
1999,30000,32499.0,3634000
1999,32500,34999.0,2748000
1999,35000,37499.0,3485000
1999,37500,39999.0,2531000
1999,40000,42499.0,3156000
1999,42500,44999.0,2409000
1999,45000,47499.0,2716000
1999,47500,49999.0,2243000
1999,50000,52499.0,2762000
1999,52500,54999.0,2027000
1999,55000,57499.0,2230000
1999,57500,59999.0,1834000
1999,60000,62499.0,2409000
1999,62500,64999.0,1703000
1999,65000,67499.0,1884000
1999,67500,69999.0,1496000
1999,70000,72499.0,1680000
1999,72500,74999.0,1247000
1999,75000,77499.0,1684000
1999,77500,79999.0,1219000
1999,80000,82499.0,1413000
1999,82500,84999.0,1113000
1999,85000,87499.0,1120000
1999,87500,89999.0,903000
1999,90000,92499.0,981000
1999,92500,94999.0,755000
1999,95000,97499.0,866000
1999,97500,99999.0,701000
1999,100000,,12831000
2000,0,2500.0,1841000
2000,2500,4999.0,1224000
2000,5000,7499.0,3066000
2000,7500,9999.0,3409000
2000,10000,12499.0,3833000
2000,12500,14999.0,3579000
2000,15000,17499.0,3753000
2000,17500,19999.0,3360000
2000,20000,22499.0,3906000
2000,22500,24999.0,3251000
2000,25000,27499.0,3789000
2000,27500,29999.0,3107000
2000,30000,32499.0,3787000
2000,32500,34999.0,2632000
2000,35000,37499.0,3376000
2000,37500,39999.0,2633000
2000,40000,42499.0,3097000
2000,42500,44999.0,2415000
2000,45000,47499.0,2727000
2000,47500,49999.0,2222000
2000,50000,52499.0,3008000
2000,52500,54999.0,1981000
2000,55000,57499.0,2355000
2000,57500,59999.0,1707000
2000,60000,62499.0,2542000
2000,62500,64999.0,1734000
2000,65000,67499.0,1784000
2000,67500,69999.0,1723000
2000,70000,72499.0,1950000
2000,72500,74999.0,1316000
2000,75000,77499.0,1762000
2000,77500,79999.0,1156000
2000,80000,82499.0,1409000
2000,82500,84999.0,1137000
2000,85000,87499.0,1222000
2000,87500,89999.0,891000
2000,90000,92499.0,1158000
2000,92500,94999.0,790000
2000,95000,97499.0,850000
2000,97500,99999.0,675000
2000,100000,149999.0,9284000
2000,150000,199999.0,2622000
2000,200000,249999.0,1051000
2000,250000,,1305000
2001,0,2500.0,2143000
2001,2500,4999.0,1222000
2001,5000,7499.0,2944000
2001,7500,9999.0,3486000
2001,10000,12499.0,3908000
2001,12500,14999.0,3606000
2001,15000,17499.0,4005000
2001,17500,19999.0,3403000
2001,20000,22499.0,3892000
2001,22500,24999.0,3278000
2001,25000,27499.0,3799000
2001,27500,29999.0,3043000
2001,30000,32499.0,3930000
2001,32500,34999.0,2818000
2001,35000,37499.0,3571000
2001,37500,39999.0,2543000
2001,40000,42499.0,3433000
2001,42500,44999.0,2278000
2001,45000,47499.0,2655000
2001,47500,49999.0,2324000
2001,50000,52499.0,2890000
2001,52500,54999.0,2033000
2001,55000,57499.0,2400000
2001,57500,59999.0,1783000
2001,60000,62499.0,2424000
2001,62500,64999.0,1656000
2001,65000,67499.0,1973000
2001,67500,69999.0,1547000
2001,70000,72499.0,1907000
2001,72500,74999.0,1443000
2001,75000,77499.0,1827000
2001,77500,79999.0,1216000
2001,80000,82499.0,1561000
2001,82500,84999.0,1137000
2001,85000,87499.0,1317000
2001,87500,89999.0,939000
2001,90000,92499.0,1141000
2001,92500,94999.0,867000
2001,95000,97499.0,1030000
2001,97500,99999.0,802000
2001,100000,149999.0,9533000
2001,150000,199999.0,3005000
2001,200000,249999.0,1096000
2001,250000,,1490000
2002,0,2500.0,2300000
2002,2500,4999.0,1233000
2002,5000,7499.0,3056000
2002,7500,9999.0,3501000
2002,10000,12499.0,4143000
2002,12500,14999.0,3693000
2002,15000,17499.0,3913000
2002,17500,19999.0,3314000
2002,20000,22499.0,4113000
2002,22500,24999.0,3306000
2002,25000,27499.0,3877000
2002,27500,29999.0,3066000
2002,30000,32499.0,3946000
2002,32500,34999.0,2783000
2002,35000,37499.0,3474000
2002,37500,39999.0,2592000
2002,40000,42499.0,3452000
2002,42500,44999.0,2261000
2002,45000,47499.0,2849000
2002,47500,49999.0,2181000
2002,50000,52499.0,3063000
2002,52500,54999.0,1956000
2002,55000,57499.0,2415000
2002,57500,59999.0,1792000
2002,60000,62499.0,2472000
2002,62500,64999.0,1761000
2002,65000,67499.0,1980000
2002,67500,69999.0,1420000
2002,70000,72499.0,2000000
2002,72500,74999.0,1456000
2002,75000,77499.0,1979000
2002,77500,79999.0,1260000
2002,80000,82499.0,1649000
2002,82500,84999.0,1188000
2002,85000,87499.0,1297000
2002,87500,89999.0,905000
2002,90000,92499.0,1274000
2002,92500,94999.0,867000
2002,95000,97499.0,1020000
2002,97500,99999.0,791000
2002,100000,149999.0,10073000
2002,150000,199999.0,2977000
2002,200000,249999.0,1154000
2002,250000,,1472000
2003,0,2500.0,2535000
2003,2500,4999.0,1266000
2003,5000,7499.0,2717000
2003,7500,9999.0,3593000
2003,10000,12499.0,4032000
2003,12500,14999.0,3708000
2003,15000,17499.0,3933000
2003,17500,19999.0,3501000
2003,20000,22499.0,3888000
2003,22500,24999.0,3327000
2003,25000,27499.0,3683000
2003,27500,29999.0,3035000
2003,30000,32499.0,3882000
2003,32500,34999.0,2677000
2003,35000,37499.0,3417000
2003,37500,39999.0,2607000
2003,40000,42499.0,3420000
2003,42500,44999.0,2381000
2003,45000,47499.0,2721000
2003,47500,49999.0,2227000
2003,50000,52499.0,3012000
2003,52500,54999.0,1963000
2003,55000,57499.0,2343000
2003,57500,59999.0,1833000
2003,60000,62499.0,2442000
2003,62500,64999.0,1648000
2003,65000,67499.0,2007000
2003,67500,69999.0,1550000
2003,70000,72499.0,1995000
2003,72500,74999.0,1398000
2003,75000,77499.0,1835000
2003,77500,79999.0,1243000
2003,80000,82499.0,1575000
2003,82500,84999.0,1162000
2003,85000,87499.0,1362000
2003,87500,89999.0,968000
2003,90000,92499.0,1362000
2003,92500,94999.0,888000
2003,95000,97499.0,1114000
2003,97500,99999.0,804000
2003,100000,149999.0,10719000
2003,150000,199999.0,3372000
2003,200000,249999.0,1307000
2003,250000,,1547000
2004,0,2500.0,2566000
2004,2500,4999.0,1389000
2004,5000,7499.0,2490000
2004,7500,9999.0,3360000
2004,10000,12499.0,4013000
2004,12500,14999.0,3543000
2004,15000,17499.0,3760000
2004,17500,19999.0,3438000
2004,20000,22499.0,4061000
2004,22500,24999.0,3375000
2004,25000,27499.0,3938000
2004,27500,29999.0,2889000
2004,30000,32499.0,3921000
2004,32500,34999.0,2727000
2004,35000,37499.0,3360000
2004,37500,39999.0,2633000
2004,40000,42499.0,3378000
2004,42500,44999.0,2294000
2004,45000,47499.0,2700000
2004,47500,49999.0,2371000
2004,50000,52499.0,3017000
2004,52500,54999.0,2006000
2004,55000,57499.0,2420000
2004,57500,59999.0,1786000
2004,60000,62499.0,2566000
2004,62500,64999.0,1774000
2004,65000,67499.0,2101000
2004,67500,69999.0,1637000
2004,70000,72499.0,1978000
2004,72500,74999.0,1413000
2004,75000,77499.0,1802000
2004,77500,79999.0,1264000
2004,80000,82499.0,1673000
2004,82500,84999.0,1219000
2004,85000,87499.0,1418000
2004,87500,89999.0,984000
2004,90000,92499.0,1282000
2004,92500,94999.0,917000
2004,95000,97499.0,1023000
2004,97500,99999.0,846000
2004,100000,149999.0,11194000
2004,150000,199999.0,3595000
2004,200000,249999.0,1325000
2004,250000,,1699000
2005,0,2500.0,2622000
2005,2500,4999.0,1109000
2005,5000,7499.0,2513000
2005,7500,9999.0,3157000
2005,10000,12499.0,3786000
2005,12500,14999.0,3546000
2005,15000,17499.0,3691000
2005,17500,19999.0,3424000
2005,20000,22499.0,3934000
2005,22500,24999.0,3090000
2005,25000,27499.0,3820000
2005,27500,29999.0,2798000
2005,30000,32499.0,3882000
2005,32500,34999.0,2530000
2005,35000,37499.0,3506000
2005,37500,39999.0,2470000
2005,40000,42499.0,3464000
2005,42500,44999.0,2306000
2005,45000,47499.0,2913000
2005,47500,49999.0,2345000
2005,50000,52499.0,3142000
2005,52500,54999.0,1975000
2005,55000,57499.0,2490000
2005,57500,59999.0,1745000
2005,60000,62499.0,2702000
2005,62500,64999.0,1703000
2005,65000,67499.0,2073000
2005,67500,69999.0,1660000
2005,70000,72499.0,2094000
2005,72500,74999.0,1447000
2005,75000,77499.0,1893000
2005,77500,79999.0,1271000
2005,80000,82499.0,1704000
2005,82500,84999.0,1233000
2005,85000,87499.0,1320000
2005,87500,89999.0,1084000
2005,90000,92499.0,1456000
2005,92500,94999.0,881000
2005,95000,97499.0,1038000
2005,97500,99999.0,854000
2005,100000,149999.0,12132000
2005,150000,199999.0,4031000
2005,200000,249999.0,1529000
2005,250000,,2023000
2006,0,2500.0,2533000
2006,2500,4999.0,1030000
2006,5000,7499.0,2124000
2006,7500,9999.0,3002000
2006,10000,12499.0,3677000
2006,12500,14999.0,3203000
2006,15000,17499.0,3677000
2006,17500,19999.0,3169000
2006,20000,22499.0,3886000
2006,22500,24999.0,3005000
2006,25000,27499.0,3750000
2006,27500,29999.0,2880000
2006,30000,32499.0,4096000
2006,32500,34999.0,2627000
2006,35000,37499.0,3489000
2006,37500,39999.0,2486000
2006,40000,42499.0,3607000
2006,42500,44999.0,2270000
2006,45000,47499.0,2879000
2006,47500,49999.0,2195000
2006,50000,52499.0,3354000
2006,52500,54999.0,1920000
2006,55000,57499.0,2428000
2006,57500,59999.0,1828000
2006,60000,62499.0,2712000
2006,62500,64999.0,1645000
2006,65000,67499.0,2108000
2006,67500,69999.0,1424000
2006,70000,72499.0,2332000
2006,72500,74999.0,1399000
2006,75000,77499.0,1906000
2006,77500,79999.0,1267000
2006,80000,82499.0,1784000
2006,82500,84999.0,1223000
2006,85000,87499.0,1425000
2006,87500,89999.0,1009000
2006,90000,92499.0,1437000
2006,92500,94999.0,1008000
2006,95000,97499.0,1167000
2006,97500,99999.0,898000
2006,100000,149999.0,13385000
2006,150000,199999.0,4751000
2006,200000,249999.0,1776000
2006,250000,,2240000
2007,0,2500.0,2420000
2007,2500,4999.0,993000
2007,5000,7499.0,1868000
2007,7500,9999.0,3174000
2007,10000,12499.0,3565000
2007,12500,14999.0,3486000
2007,15000,17499.0,3753000
2007,17500,19999.0,2974000
2007,20000,22499.0,3731000
2007,22500,24999.0,3070000
2007,25000,27499.0,3728000
2007,27500,29999.0,2586000
2007,30000,32499.0,3797000
2007,32500,34999.0,2421000
2007,35000,37499.0,3384000
2007,37500,39999.0,2404000
2007,40000,42499.0,3548000
2007,42500,44999.0,2202000
2007,45000,47499.0,2906000
2007,47500,49999.0,2077000
2007,50000,52499.0,3256000
2007,52500,54999.0,1927000
2007,55000,57499.0,2595000
2007,57500,59999.0,1787000
2007,60000,62499.0,2789000
2007,62500,64999.0,1659000
2007,65000,67499.0,2112000
2007,67500,69999.0,1449000
2007,70000,72499.0,2189000
2007,72500,74999.0,1505000
2007,75000,77499.0,1998000
2007,77500,79999.0,1314000
2007,80000,82499.0,1872000
2007,82500,84999.0,1220000
2007,85000,87499.0,1573000
2007,87500,89999.0,1123000
2007,90000,92499.0,1566000
2007,92500,94999.0,987000
2007,95000,97499.0,1216000
2007,97500,99999.0,972000
2007,100000,149999.0,14214000
2007,150000,199999.0,5115000
2007,200000,249999.0,2012000
2007,250000,,2245000
2008,0,2500.0,2588000
2008,2500,4999.0,971000
2008,5000,7499.0,1677000
2008,7500,9999.0,3141000
2008,10000,12499.0,3684000
2008,12500,14999.0,3163000
2008,15000,17499.0,3600000
2008,17500,19999.0,3116000
2008,20000,22499.0,3967000
2008,22500,24999.0,3117000
2008,25000,27499.0,3620000
2008,27500,29999.0,2808000
2008,30000,32499.0,3736000
2008,32500,34999.0,2569000
2008,35000,37499.0,3517000
2008,37500,39999.0,2483000
2008,40000,42499.0,3343000
2008,42500,44999.0,2250000
2008,45000,47499.0,2698000
2008,47500,49999.0,2141000
2008,50000,52499.0,3325000
2008,52500,54999.0,1822000
2008,55000,57499.0,2311000
2008,57500,59999.0,1776000
2008,60000,62499.0,2784000
2008,62500,64999.0,1666000
2008,65000,67499.0,2096000
2008,67500,69999.0,1502000
2008,70000,72499.0,2203000
2008,72500,74999.0,1492000
2008,75000,77499.0,2051000
2008,77500,79999.0,1337000
2008,80000,82499.0,1870000
2008,82500,84999.0,1207000
2008,85000,87499.0,1555000
2008,87500,89999.0,1220000
2008,90000,92499.0,1575000
2008,92500,94999.0,1010000
2008,95000,97499.0,1290000
2008,97500,99999.0,889000
2008,100000,149999.0,14286000
2008,150000,199999.0,5250000
2008,200000,249999.0,2001000
2008,250000,,2476000
2009,0,5000.0,3747000
2009,5000,9999.0,4823000
2009,10000,14999.0,6759000
2009,15000,19999.0,6924000
2009,20000,24999.0,7099000
2009,25000,29999.0,6633000
2009,30000,34999.0,6370000
2009,35000,39999.0,6033000
2009,40000,44999.0,5680000
2009,45000,49999.0,4894000
2009,50000,54999.0,5147000
2009,55000,59999.0,4297000
2009,60000,64999.0,4542000
2009,65000,69999.0,3598000
2009,70000,74999.0,3696000
2009,75000,79999.0,3324000
2009,80000,84999.0,3023000
2009,85000,89999.0,2562000
2009,90000,94999.0,2511000
2009,95000,99999.0,2129000
2009,100000,104999.0,2446000
2009,105000,109999.0,1912000
2009,110000,114999.0,1699000
2009,115000,119999.0,1482000
2009,120000,124999.0,1428000
2009,125000,129999.0,1292000
2009,130000,134999.0,1190000
2009,135000,139999.0,895000
2009,140000,144999.0,894000
2009,145000,149999.0,796000
2009,150000,154999.0,1005000
2009,155000,159999.0,660000
2009,160000,164999.0,674000
2009,165000,169999.0,497000
2009,170000,174999.0,518000
2009,175000,179999.0,445000
2009,180000,184999.0,472000
2009,185000,189999.0,351000
2009,190000,194999.0,318000
2009,195000,199999.0,269000
2009,200000,249999.0,2135000
2009,250000,,2372000
2010,0,5000.0,4245000
2010,5000,9999.0,5128000
2010,10000,14999.0,7149000
2010,15000,19999.0,7370000
2010,20000,24999.0,7037000
2010,25000,29999.0,6825000
2010,30000,34999.0,6222000
2010,35000,39999.0,5965000
2010,40000,44999.0,5679000
2010,45000,49999.0,4987000
2010,50000,54999.0,5133000
2010,55000,59999.0,4240000
2010,60000,64999.0,4459000
2010,65000,69999.0,3612000
2010,70000,74999.0,3793000
2010,75000,79999.0,3137000
2010,80000,84999.0,3167000
2010,85000,89999.0,2699000
2010,90000,94999.0,2532000
2010,95000,99999.0,2127000
2010,100000,104999.0,2512000
2010,105000,109999.0,1797000
2010,110000,114999.0,1793000
2010,115000,119999.0,1491000
2010,120000,124999.0,1482000
2010,125000,129999.0,1252000
2010,130000,134999.0,1250000
2010,135000,139999.0,1061000
2010,140000,144999.0,983000
2010,145000,149999.0,792000
2010,150000,154999.0,990000
2010,155000,159999.0,676000
2010,160000,164999.0,643000
2010,165000,169999.0,547000
2010,170000,174999.0,562000
2010,175000,179999.0,475000
2010,180000,184999.0,468000
2010,185000,189999.0,337000
2010,190000,194999.0,361000
2010,195000,199999.0,291000
2010,200000,249999.0,2160000
2010,250000,,2498000
2011,0,5000.0,4261000
2011,5000,9999.0,4972000
2011,10000,14999.0,7127000
2011,15000,19999.0,6882000
2011,20000,24999.0,7095000
2011,25000,29999.0,6591000
2011,30000,34999.0,6667000
2011,35000,39999.0,6136000
2011,40000,44999.0,5795000
2011,45000,49999.0,4945000
2011,50000,54999.0,5170000
2011,55000,59999.0,4250000
2011,60000,64999.0,4432000
2011,65000,69999.0,3836000
2011,70000,74999.0,3606000
2011,75000,79999.0,3452000
2011,80000,84999.0,3036000
2011,85000,89999.0,2566000
2011,90000,94999.0,2594000
2011,95000,99999.0,2251000
2011,100000,104999.0,2527000
2011,105000,109999.0,1771000
2011,110000,114999.0,1723000
2011,115000,119999.0,1569000
2011,120000,124999.0,1540000
2011,125000,129999.0,1258000
2011,130000,134999.0,1211000
2011,135000,139999.0,918000
2011,140000,144999.0,1031000
2011,145000,149999.0,893000
2011,150000,154999.0,1166000
2011,155000,159999.0,740000
2011,160000,164999.0,697000
2011,165000,169999.0,610000
2011,170000,174999.0,617000
2011,175000,179999.0,530000
2011,180000,184999.0,460000
2011,185000,189999.0,363000
2011,190000,194999.0,380000
2011,195000,199999.0,312000
2011,200000,249999.0,2297000
2011,250000,,2808000
2012,0,5000.0,4204000
2012,5000,9999.0,4729000
2012,10000,14999.0,6982000
2012,15000,19999.0,7157000
2012,20000,24999.0,7131000
2012,25000,29999.0,6740000
2012,30000,34999.0,6354000
2012,35000,39999.0,5832000
2012,40000,44999.0,5547000
2012,45000,49999.0,5254000
2012,50000,54999.0,5102000
2012,55000,59999.0,4256000
2012,60000,64999.0,4356000
2012,65000,69999.0,3949000
2012,70000,74999.0,3756000
2012,75000,79999.0,3414000
2012,80000,84999.0,3326000
2012,85000,89999.0,2643000
2012,90000,94999.0,2678000
2012,95000,99999.0,2223000
2012,100000,104999.0,2606000
2012,105000,109999.0,1838000
2012,110000,114999.0,1986000
2012,115000,119999.0,1464000
2012,120000,124999.0,1596000
2012,125000,129999.0,1327000
2012,130000,134999.0,1253000
2012,135000,139999.0,1140000
2012,140000,144999.0,1119000
2012,145000,149999.0,920000
2012,150000,154999.0,1143000
2012,155000,159999.0,805000
2012,160000,164999.0,731000
2012,165000,169999.0,575000
2012,170000,174999.0,616000
2012,175000,179999.0,570000
2012,180000,184999.0,502000
2012,185000,189999.0,364000
2012,190000,194999.0,432000
2012,195000,199999.0,378000
2012,200000,249999.0,2549000
2012,250000,,2911000
2013,0,5000.0,3840000
2013,5000,9999.0,1760000
2013,10000,14999.0,4009000
2013,15000,19999.0,3945000
2013,20000,24999.0,4652000
2013,25000,29999.0,4407000
2013,30000,34999.0,4698000
2013,35000,39999.0,4518000
2013,40000,44999.0,4301000
2013,45000,49999.0,4551000
2013,50000,54999.0,4509000
2013,55000,59999.0,3905000
2013,60000,64999.0,4338000
2013,65000,69999.0,3480000
2013,70000,74999.0,4056000
2013,75000,79999.0,3596000
2013,80000,84999.0,3550000
2013,85000,89999.0,3128000
2013,90000,94999.0,3056000
2013,95000,99999.0,2800000
2013,100000,104999.0,3273000
2013,105000,109999.0,2562000
2013,110000,114999.0,2353000
2013,115000,119999.0,2256000
2013,120000,124999.0,2442000
2013,125000,129999.0,2121000
2013,130000,134999.0,2125000
2013,135000,139999.0,1821000
2013,140000,144999.0,1923000
2013,145000,149999.0,1605000
2013,150000,154999.0,2137000
2013,155000,159999.0,1588000
2013,160000,164999.0,1520000
2013,165000,169999.0,1417000
2013,170000,174999.0,1329000
2013,175000,179999.0,1256000
2013,180000,184999.0,1237000
2013,185000,189999.0,1034000
2013,190000,194999.0,1137000
2013,195000,199999.0,1015000
2013,200000,,21540000
2014,0,5000.0,4571000
2014,5000,9999.0,4320000
2014,10000,14999.0,6766000
2014,15000,19999.0,6779000
2014,20000,24999.0,6865000
2014,25000,29999.0,6363000
2014,30000,34999.0,6232000
2014,35000,39999.0,5857000
2014,40000,44999.0,5430000
2014,45000,49999.0,5060000
2014,50000,54999.0,5084000
2014,55000,59999.0,4220000
2014,60000,64999.0,4477000
2014,65000,69999.0,3709000
2014,70000,74999.0,3737000
2014,75000,79999.0,3484000
2014,80000,84999.0,3142000
2014,85000,89999.0,2750000
2014,90000,94999.0,2665000
2014,95000,99999.0,2339000
2014,100000,104999.0,2679000
2014,105000,109999.0,2070000
2014,110000,114999.0,1922000
2014,115000,119999.0,1623000
2014,120000,124999.0,1863000
2014,125000,129999.0,1452000
2014,130000,134999.0,1512000
2014,135000,139999.0,1219000
2014,140000,144999.0,1290000
2014,145000,149999.0,1024000
2014,150000,154999.0,1146000
2014,155000,159999.0,848000
2014,160000,164999.0,875000
2014,165000,169999.0,786000
2014,170000,174999.0,717000
2014,175000,179999.0,607000
2014,180000,184999.0,619000
2014,185000,189999.0,556000
2014,190000,194999.0,485000
2014,195000,199999.0,436000
2014,200000,249999.0,3249000
2014,250000,,3757000
2015,0,5000.0,4235000
2015,5000,9999.0,4071000
2015,10000,14999.0,6324000
2015,15000,19999.0,6470000
2015,20000,24999.0,6765000
2015,25000,29999.0,6222000
2015,30000,34999.0,6354000
2015,35000,39999.0,5743000
2015,40000,44999.0,5203000
2015,45000,49999.0,5002000
2015,50000,54999.0,5078000
2015,55000,59999.0,4140000
2015,60000,64999.0,4367000
2015,65000,69999.0,3733000
2015,70000,74999.0,3683000
2015,75000,79999.0,3650000
2015,80000,84999.0,3354000
2015,85000,89999.0,2893000
2015,90000,94999.0,2850000
2015,95000,99999.0,2452000
2015,100000,104999.0,2792000
2015,105000,109999.0,2232000
2015,110000,114999.0,2158000
2015,115000,119999.0,1748000
2015,120000,124999.0,1987000
2015,125000,129999.0,1675000
2015,130000,134999.0,1474000
2015,135000,139999.0,1380000
2015,140000,144999.0,1220000
2015,145000,149999.0,1111000
2015,150000,154999.0,1313000
2015,155000,159999.0,1017000
2015,160000,164999.0,993000
2015,165000,169999.0,761000
2015,170000,174999.0,822000
2015,175000,179999.0,700000
2015,180000,184999.0,677000
2015,185000,189999.0,536000
2015,190000,194999.0,561000
2015,195000,199999.0,431000
2015,200000,249999.0,3456000
2015,250000,,4184000
2016,0,5000.0,4138000
2016,5000,9999.0,3878000
2016,10000,14999.0,6122000
2016,15000,19999.0,5838000
2016,20000,24999.0,6245000
2016,25000,29999.0,5939000
2016,30000,34999.0,5919000
2016,35000,39999.0,5727000
2016,40000,44999.0,5487000
2016,45000,49999.0,5089000
2016,50000,54999.0,5119000
2016,55000,59999.0,4298000
2016,60000,64999.0,4404000
2016,65000,69999.0,3809000
2016,70000,74999.0,3775000
2016,75000,79999.0,3677000
2016,80000,84999.0,3370000
2016,85000,89999.0,2828000
2016,90000,94999.0,3000000
2016,95000,99999.0,2599000
2016,100000,104999.0,2843000
2016,105000,109999.0,2071000
2016,110000,114999.0,2261000
2016,115000,119999.0,1828000
2016,120000,124999.0,1992000
2016,125000,129999.0,1586000
2016,130000,134999.0,1557000
2016,135000,139999.0,1264000
2016,140000,144999.0,1327000
2016,145000,149999.0,1106000
2016,150000,154999.0,1323000
2016,155000,159999.0,1015000
2016,160000,164999.0,1063000
2016,165000,169999.0,946000
2016,170000,174999.0,807000
2016,175000,179999.0,768000
2016,180000,184999.0,722000
2016,185000,189999.0,606000
2016,190000,194999.0,621000
2016,195000,199999.0,482000
2016,200000,249999.0,3848000
2016,250000,,4926000
2017,0,5000.0,4371000
2017,5000,9999.0,3295000
2017,10000,14999.0,5825000
2017,15000,19999.0,6047000
2017,20000,24999.0,6097000
2017,25000,29999.0,5738000
2017,30000,34999.0,6100000
2017,35000,39999.0,5720000
2017,40000,44999.0,5098000
2017,45000,49999.0,4991000
2017,50000,54999.0,5152000
2017,55000,59999.0,4194000
2017,60000,64999.0,4411000
2017,65000,69999.0,3709000
2017,70000,74999.0,3811000
2017,75000,79999.0,3766000
2017,80000,84999.0,3565000
2017,85000,89999.0,3035000
2017,90000,94999.0,2753000
2017,95000,99999.0,2644000
2017,100000,104999.0,2692000
2017,105000,109999.0,2180000
2017,110000,114999.0,2278000
2017,115000,119999.0,1932000
2017,120000,124999.0,1992000
2017,125000,129999.0,1656000
2017,130000,134999.0,1547000
2017,135000,139999.0,1424000
2017,140000,144999.0,1342000
2017,145000,149999.0,1134000
2017,150000,154999.0,1489000
2017,155000,159999.0,1006000
2017,160000,164999.0,1085000
2017,165000,169999.0,784000
2017,170000,174999.0,869000
2017,175000,179999.0,849000
2017,180000,184999.0,730000
2017,185000,189999.0,688000
2017,190000,194999.0,697000
2017,195000,199999.0,508000
2017,200000,249999.0,4416000
2017,250000,,6050000
2018,0,5000.0,4283000
2018,5000,9999.0,3337000
2018,10000,14999.0,5510000
2018,15000,19999.0,5772000
2018,20000,24999.0,5672000
2018,25000,29999.0,5469000
2018,30000,34999.0,5822000
2018,35000,39999.0,5404000
2018,40000,44999.0,5195000
2018,45000,49999.0,4839000
2018,50000,54999.0,5300000
2018,55000,59999.0,4417000
2018,60000,64999.0,4604000
2018,65000,69999.0,3999000
2018,70000,74999.0,3795000
2018,75000,79999.0,3950000
2018,80000,84999.0,3349000
2018,85000,89999.0,3064000
2018,90000,94999.0,3102000
2018,95000,99999.0,2581000
2018,100000,104999.0,2866000
2018,105000,109999.0,2449000
2018,110000,114999.0,2318000
2018,115000,119999.0,1971000
2018,120000,124999.0,2004000
2018,125000,129999.0,1780000
2018,130000,134999.0,1678000
2018,135000,139999.0,1426000
2018,140000,144999.0,1414000
2018,145000,149999.0,1316000
2018,150000,154999.0,1492000
2018,155000,159999.0,978000
2018,160000,164999.0,1161000
2018,165000,169999.0,970000
2018,170000,174999.0,905000
2018,175000,179999.0,835000
2018,180000,184999.0,772000
2018,185000,189999.0,686000
2018,190000,194999.0,584000
2018,195000,199999.0,565000
2018,200000,249999.0,4572000
2018,250000,,6375000
2019,0,5000.0,3784000
2019,5000,9999.0,2702000
2019,10000,14999.0,5141000
2019,15000,19999.0,5171000
2019,20000,24999.0,5066000
2019,25000,29999.0,5247000
2019,30000,34999.0,5457000
2019,35000,39999.0,4702000
2019,40000,44999.0,5377000
2019,45000,49999.0,4972000
2019,50000,54999.0,4885000
2019,55000,59999.0,4364000
2019,60000,64999.0,4531000
2019,65000,69999.0,3655000
2019,70000,74999.0,3807000
2019,75000,79999.0,3549000
2019,80000,84999.0,3402000
2019,85000,89999.0,3013000
2019,90000,94999.0,3023000
2019,95000,99999.0,2817000
2019,100000,104999.0,2852000
2019,105000,109999.0,2491000
2019,110000,114999.0,2413000
2019,115000,119999.0,1965000
2019,120000,124999.0,2393000
2019,125000,129999.0,1785000
2019,130000,134999.0,1778000
2019,135000,139999.0,1582000
2019,140000,144999.0,1400000
2019,145000,149999.0,1311000
2019,150000,154999.0,1721000
2019,155000,159999.0,1208000
2019,160000,164999.0,1260000
2019,165000,169999.0,1008000
2019,170000,174999.0,1251000
2019,175000,179999.0,997000
2019,180000,184999.0,908000
2019,185000,189999.0,820000
2019,190000,194999.0,828000
2019,195000,199999.0,647000
2019,200000,249999.0,5354000
2019,250000,,7816000
2020,0,5000.0,4211000
2020,5000,9999.0,2926000
2020,10000,14999.0,5109000
2020,15000,19999.0,5667000
2020,20000,24999.0,5609000
2020,25000,29999.0,5186000
2020,30000,34999.0,5329000
2020,35000,39999.0,5285000
2020,40000,44999.0,5100000
2020,45000,49999.0,4684000
2020,50000,54999.0,5063000
2020,55000,59999.0,4301000
2020,60000,64999.0,4264000
2020,65000,69999.0,3818000
2020,70000,74999.0,3971000
2020,75000,79999.0,3681000
2020,80000,84999.0,3490000
2020,85000,89999.0,2873000
2020,90000,94999.0,3086000
2020,95000,99999.0,2677000
2020,100000,104999.0,3122000
2020,105000,109999.0,2394000
2020,110000,114999.0,2469000
2020,115000,119999.0,1851000
2020,120000,124999.0,2141000
2020,125000,129999.0,1771000
2020,130000,134999.0,1690000
2020,135000,139999.0,1628000
2020,140000,144999.0,1479000
2020,145000,149999.0,1371000
2020,150000,154999.0,1576000
2020,155000,159999.0,1219000
2020,160000,164999.0,1251000
2020,165000,169999.0,995000
2020,170000,174999.0,1109000
2020,175000,179999.0,978000
2020,180000,184999.0,940000
2020,185000,189999.0,755000
2020,190000,194999.0,848000
2020,195000,199999.0,695000
2020,200000,249999.0,5134000
2020,250000,,8185000
2021,0,5000.0,4299000
2021,5000,9999.0,2658000
2021,10000,14999.0,5309000
2021,15000,19999.0,5202000
2021,20000,24999.0,5412000
2021,25000,29999.0,5065000
2021,30000,34999.0,5203000
2021,35000,39999.0,4927000
2021,40000,44999.0,4998000
2021,45000,49999.0,4423000
2021,50000,54999.0,4972000
2021,55000,59999.0,4277000
2021,60000,64999.0,4440000
2021,65000,69999.0,3725000
2021,70000,74999.0,3818000
2021,75000,79999.0,3601000
2021,80000,84999.0,3426000
2021,85000,89999.0,3059000
2021,90000,94999.0,2943000
2021,95000,99999.0,2530000
2021,100000,104999.0,3213000
2021,105000,109999.0,2524000
2021,110000,114999.0,2387000
2021,115000,119999.0,2049000
2021,120000,124999.0,2156000
2021,125000,129999.0,1847000
2021,130000,134999.0,1894000
2021,135000,139999.0,1655000
2021,140000,144999.0,1770000
2021,145000,149999.0,1356000
2021,150000,154999.0,1646000
2021,155000,159999.0,1275000
2021,160000,164999.0,1277000
2021,165000,169999.0,1058000
2021,170000,174999.0,1141000
2021,175000,179999.0,966000
2021,180000,184999.0,1019000
2021,185000,189999.0,950000
2021,190000,194999.0,758000
2021,195000,199999.0,735000
2021,200000,249999.0,6051000
2021,250000,,9186000
2022,0,5000.0,4305000
2022,5000,9999.0,2131000
2022,10000,14999.0,4536000
2022,15000,19999.0,4725000
2022,20000,24999.0,5047000
2022,25000,29999.0,4728000
2022,30000,34999.0,5285000
2022,35000,39999.0,4674000
2022,40000,44999.0,4761000
2022,45000,49999.0,4453000
2022,50000,54999.0,4838000
2022,55000,59999.0,4252000
2022,60000,64999.0,4463000
2022,65000,69999.0,3867000
2022,70000,74999.0,3904000
2022,75000,79999.0,3669000
2022,80000,84999.0,3505000
2022,85000,89999.0,3061000
2022,90000,94999.0,3132000
2022,95000,99999.0,2838000
2022,100000,104999.0,3312000
2022,105000,109999.0,2321000
2022,110000,114999.0,2462000
2022,115000,119999.0,2188000
2022,120000,124999.0,2421000
2022,125000,129999.0,2086000
2022,130000,134999.0,1996000
2022,135000,139999.0,1730000
2022,140000,144999.0,1680000
2022,145000,149999.0,1375000
2022,150000,154999.0,2005000
2022,155000,159999.0,1389000
2022,160000,164999.0,1461000
2022,165000,169999.0,1131000
2022,170000,174999.0,1144000
2022,175000,179999.0,1043000
2022,180000,184999.0,1106000
2022,185000,189999.0,921000
2022,190000,194999.0,940000
2022,195000,199999.0,889000
2022,200000,249999.0,6024000
2022,250000,,9636000
2023,0,5000.0,4068000
2023,5000,9999.0,1782000
2023,10000,14999.0,3972000
2023,15000,19999.0,4299000
2023,20000,24999.0,4553000
2023,25000,29999.0,4597000
2023,30000,34999.0,4592000
2023,35000,39999.0,4634000
2023,40000,44999.0,4403000
2023,45000,49999.0,4521000
2023,50000,54999.0,4717000
2023,55000,59999.0,4097000
2023,60000,64999.0,4510000
2023,65000,69999.0,3768000
2023,70000,74999.0,3649000
2023,75000,79999.0,3427000
2023,80000,84999.0,3506000
2023,85000,89999.0,3144000
2023,90000,94999.0,3264000
2023,95000,99999.0,2693000
2023,100000,104999.0,3260000
2023,105000,109999.0,2530000
2023,110000,114999.0,2528000
2023,115000,119999.0,2404000
2023,120000,124999.0,2512000
2023,125000,129999.0,2006000
2023,130000,134999.0,2056000
2023,135000,139999.0,1804000
2023,140000,144999.0,1848000
2023,145000,149999.0,1523000
2023,150000,154999.0,2078000
2023,155000,159999.0,1406000
2023,160000,164999.0,1474000
2023,165000,169999.0,1259000
2023,170000,174999.0,1217000
2023,175000,179999.0,1089000
2023,180000,184999.0,1294000
2023,185000,189999.0,981000
2023,190000,194999.0,943000
2023,195000,199999.0,766000
2023,200000,249999.0,7480000
2023,250000,,11560000
2024,0,5000.0,3840000
2024,5000,9999.0,1760000
2024,10000,14999.0,4009000
2024,15000,19999.0,3945000
2024,20000,24999.0,4652000
2024,25000,29999.0,4407000
2024,30000,34999.0,4698000
2024,35000,39999.0,4518000
2024,40000,44999.0,4301000
2024,45000,49999.0,4551000
2024,50000,54999.0,4509000
2024,55000,59999.0,3905000
2024,60000,64999.0,4338000
2024,65000,69999.0,3480000
2024,70000,74999.0,4056000
2024,75000,79999.0,3596000
2024,80000,84999.0,3550000
2024,85000,89999.0,3128000
2024,90000,94999.0,3056000
2024,95000,99999.0,2800000
2024,100000,104999.0,3273000
2024,105000,109999.0,2562000
2024,110000,114999.0,2353000
2024,115000,119999.0,2256000
2024,120000,124999.0,2442000
2024,125000,129999.0,2121000
2024,130000,134999.0,2125000
2024,135000,139999.0,1821000
2024,140000,144999.0,1923000
2024,145000,149999.0,1605000
2024,150000,154999.0,2137000
2024,155000,159999.0,1588000
2024,160000,164999.0,1520000
2024,165000,169999.0,1417000
2024,170000,174999.0,1329000
2024,175000,179999.0,1256000
2024,180000,184999.0,1237000
2024,185000,189999.0,1034000
2024,190000,194999.0,1137000
2024,195000,199999.0,1015000
2024,200000,249999.0,7883000
2024,250000,,13660000
